app_key,analytics,browser_extension,calendar_integration,cross_device_sync,gamification,habit_tracking,long_llm,parental_control,pomodoro,reminders,rewards,screen_time,timer,todo_integration
cws:abdkjmofmjelgafcdffaimhgdgpagmop,0,0,0,0,0,0,10,0,0,0,0,0,0,0
cws:accebjobnljiehcaocahignlanfnfkcc,0,0,0,0,0,0,10,0,0,0,0,0,0,0
cws:adfojedkgobckedhbgbijhbjddjifhbg,0,0,0,0,0,0,10,0,0,0,0,0,0,0
cws:adkoogofipagajddbdeibkomhdfmkikb,0,0,0,0,0,0,10,0,0,0,0,0,0,0
cws:afhokbldaaeggpigpijmomaooflpikji,0,0,0,0,0,0,10,0,0,0,0,0,0,0
cws:amgmdnojamodmpfjaokfgpijhpcednjm,0,0,0,0,0,0,10,0,0,0,0,0,0,0
cws:andfohanhajengikbobaoblbdkmlkicp,0,0,0,0,0,0,10,0,0,0,0,0,0,0
cws:aoabjfoanlljmgnohepbkimcekolejjn,0,0,0,0,0,0,10,0,0,0,0,0,0,0
cws:aobapnhgpjlldncjopmbbfeoomombhel,0,0,0,0,0,0,10,0,0,0,0,0,0,0
cws:aoikahlohpgnfiphghckjpmmimpekobj,0,0,0,0,0,0,10,0,0,0,0,0,0,0
cws:bebhefcdgigdmaalghmfldlpnlihgagh,0,0,0,0,0,0,10,0,0,0,0,0,0,0
cws:bhfebicpocbejcpcabecofnmfcogidca,0,0,0,0,0,0,10,0,0,0,0,0,0,0
cws:bigkololejnhhbgflfoeeoeaoofnhlkp,0,0,0,0,0,0,10,0,0,0,0,0,0,0
cws:bjcnpgekponkjpincbcoflgkdomldlnl,0,0,0,0,0,0,10,0,0,0,0,0,0,0
cws:bkkbcggnhapdmkeljlodobbkopceiche,0,0,0,0,0,0,10,0,0,0,0,0,0,0
cws:bllpeahnacejimdfpldjchhamafmdcfo,0,0,0,0,0,0,10,0,0,0,0,0,0,0
cws:bpakimmhdmcbgbcnhanfcpelcnookihi,0,0,0,0,0,0,10,0,0,0,0,0,0,0
cws:caggnmlckgjpgpgpgjeobdcfgbkefioo,0,0,0,0,0,0,10,0,0,0,0,0,0,0
cws:cicadgehhallnipmampflnkfffojbnap,0,0,0,0,0,0,10,0,0,0,0,0,0,0
cws:cihakgginfmjajjpjfeicbalidblngep,0,0,0,0,0,0,10,0,0,0,0,0,0,0
cws:cjiinmicahhdcmfpdohhaahgkdiehfga,0,0,0,0,0,0,10,0,0,0,0,0,0,0
cws:ckfejoidaicoaiacpegjindigbllohie,0,0,0,0,0,0,10,0,0,0,0,0,0,0
cws:dbhignogopodfeeoanflgdpbckhonief,0,0,0,0,0,0,10,0,0,0,0,0,0,0
cws:ddeaekifelikgnaacipabpmjpffgifek,0,0,0,0,0,0,10,0,0,0,0,0,0,0
cws:dgllcfdfcgnocdmmglnpbpoalhpdfckg,0,0,0,0,0,0,10,0,0,0,0,0,0,0
cws:djnloioaddlnmagobbcnjpppmbelfocf,0,0,0,0,0,0,10,0,0,0,0,0,0,0
cws:dkdhhcbjijekmneelocdllcldcpmekmm,0,0,0,0,0,0,10,0,0,0,0,0,0,0
cws:dnkgajhanikioecinafibmfmnnfdmpgp,0,0,0,0,0,0,10,0,0,0,0,0,0,0
cws:dnnpgmbhdojpjkpeeafgdelohfhbpiga,0,0,0,0,0,0,10,0,0,0,0,0,0,0
cws:dpfofggmkhdbfcciajfdphofclabnogo,0,0,0,0,0,0,10,0,0,0,0,0,0,0
cws:eandalcihlejmcokgmmbkaopglpfncbo,0,0,0,0,0,0,10,0,0,0,0,0,0,0
cws:ecpkkfgllianigfeoonafccgbfeglmgb,0,0,0,0,0,0,10,0,0,0,0,0,0,0
cws:efkkjffdefaaioagghcaflicdajfhceo,0,0,0,0,0,0,10,0,0,0,0,0,0,0
cws:egibjhmcalglgmnlenmjfblobkbgpfdc,0,0,0,0,0,0,10,0,0,0,0,0,0,0
cws:eiimnmioipafcokbfikbljfdeojpcgbh,0,0,0,0,0,0,10,0,0,0,0,0,0,0
cws:ejfldchfgbinehokoegomooplcajinli,0,0,0,0,0,0,10,0,0,0,0,0,0,0
cws:eknlhojagpjfpdddedbehcljmkeklihc,0,0,0,0,0,0,10,0,0,0,0,0,0,0
cws:elfaihghhjjoknimpccccmkioofjjfkf,0,0,0,0,0,0,10,0,0,0,0,0,0,0
cws:eoagmdboiealblmpaahjlhajggndaahi,0,0,0,0,0,0,10,0,0,0,0,0,0,0
cws:eofcaehjlblipnihkibhbffpdkaffdfc,0,0,0,0,0,0,10,0,0,0,0,0,0,0
cws:fbfofhjejhibcepcojipjofcocpongnd,0,0,0,0,0,0,10,0,0,0,0,0,0,0
cws:femnahohginddofgekknfmaklcbpinkn,0,0,0,0,0,0,10,0,0,0,0,0,0,0
cws:ffijoclmniipjbhecddgkfpdafpbdnen,0,0,0,0,0,0,10,0,0,0,0,0,0,0
cws:fgaaffhjdmhlhdmmigjpjepflplblgam,0,0,0,0,0,0,10,0,0,0,0,0,0,0
cws:fghajdnplonfdpoeagigdpnfcfojlhbg,0,0,0,0,0,0,10,0,0,0,0,0,0,0
cws:fhjbmbgaedfnglhbioghdggfecaeeobf,0,0,0,0,0,0,10,0,0,0,0,0,0,0
cws:flmcglmalcnabfaalkomeaohklknbbhg,0,0,0,0,0,0,10,0,0,0,0,0,0,0
cws:fphdedbphehkdfapllonjhlilonhmjgf,0,0,0,0,0,0,10,0,0,0,0,0,0,0
cws:fplpionjidcdpcepnnkhapiahgcjedhi,0,0,0,0,0,0,10,0,0,0,0,0,0,0
cws:gachmghamoanlighmiebamagipmhdphl,0,0,0,0,0,0,10,0,0,0,0,0,0,0
cws:gefaddaengbodpiobpbgblajdboalmgc,0,0,0,0,0,0,10,0,0,0,0,0,0,0
cws:gfbgojjldmklkfbkcdbifancaknmbodl,0,0,0,0,0,0,10,0,0,0,0,0,0,0
cws:gfkgelnlcnomnahkfmhemgpahgmibofd,0,0,0,0,0,0,10,0,0,0,0,0,0,0
cws:ggdoldplpieidgdofjpnakebdchiklgo,0,0,0,0,0,0,10,0,0,0,0,0,0,0
cws:gkoiknfcddbjpadkeffgebenhngcgain,0,0,0,0,0,0,10,0,0,0,0,0,0,0
cws:gmmcoggmjnbbklphjcbnpfepmagelgkk,0,0,0,0,0,0,10,0,0,0,0,0,0,0
cws:hdfdgocligofefcgklikgpjadbphlipm,0,0,0,0,0,0,10,0,0,0,0,0,0,0
cws:hdnpgokelhelboajpcaboglaidmnpego,0,0,0,0,0,0,10,0,0,0,0,0,0,0
cws:hgemonjbnpehgjmmhbobbgmdcdjghnni,0,0,0,0,0,0,10,0,0,0,0,0,0,0
cws:hgledomnjnainmhjejcepomfflgficml,0,0,0,0,0,0,10,0,0,0,0,0,0,0
cws:hhhkpidlaeengejelinhblaibbfgkhih,0,0,0,0,0,0,10,0,0,0,0,0,0,0
cws:iaanigfbldakklgdfcnbjonbehpbpecl,0,0,0,0,0,0,10,0,0,0,0,0,0,0
cws:ibnmiodpchjddbmmigomhinjnkailbif,0,0,0,0,0,0,10,0,0,0,0,0,0,0
cws:iccjkhpkdhdhjiaocipcegfeoclioejn,0,0,0,0,0,0,10,0,0,0,0,0,0,0
cws:ieandfkgbncmapkpgchnffbodegkemea,0,0,0,0,0,0,10,0,0,0,0,0,0,0
cws:ifdepgnnjpnbkcgempionjablajancjc,0,0,0,0,0,0,10,0,0,0,0,0,0,0
cws:ihdnneiaaelmjhaajpajjkedfimcmpgj,0,0,0,0,0,0,10,0,0,0,0,0,0,0
cws:ihhgdadeplnooijnccogligfccjpahik,0,0,0,0,0,0,10,0,0,0,0,0,0,0
cws:ikeobpbhahohfjgdljpcknchekgfhman,0,0,0,0,0,0,10,0,0,0,0,0,0,0
cws:ilioecelhjbmebaimobaaggalibfphhl,0,0,0,0,0,0,10,0,0,0,0,0,0,0
cws:jbojhemhnilgooplglkfoheddemkodld,0,0,0,0,0,0,10,0,0,0,0,0,0,0
cws:jdgkhgoanhhnileehaipfpffmnfiiibh,0,0,0,0,0,0,10,0,0,0,0,0,0,0
cws:jemdldabgmbndebknjpdoeamckbliobm,0,0,0,0,0,0,10,0,0,0,0,0,0,0
cws:jgpddkifkljmnfahlaofmjdeempjbpke,0,0,0,0,0,0,10,0,0,0,0,0,0,0
cws:jlfhlkcmpimgeoajhahflaeinbfeeogk,0,0,0,0,0,0,10,0,0,0,0,0,0,0
cws:jpafaidkicnfcohbcfegbokibbghpnee,0,0,0,0,0,0,10,0,0,0,0,0,0,0
cws:jplackcnmigbganpfbkghkinkbhpgnpg,0,0,0,0,0,0,10,0,0,0,0,0,0,0
cws:kbdpkdpanmgcclpnmfmbbffgejnfopke,0,0,0,0,0,0,10,0,0,0,0,0,0,0
cws:kgbcoelgfffkmkpfnldemdinmcbpjlaa,0,0,0,0,0,0,10,0,0,0,0,0,0,0
cws:kgehdpikfeppnmjeoklagcpmjhbdhokl,0,0,0,0,0,0,10,0,0,0,0,0,0,0
cws:kniediipngcpmbmpeacaoinhoeipfina,0,0,0,0,0,0,10,0,0,0,0,0,0,0
cws:koepjhgljgmbeknbdeognkbchjmdkbpd,0,0,0,0,0,0,10,0,0,0,0,0,0,0
cws:laankejkbhbdhmipfmgcngdelahlfoji,0,0,0,0,0,0,10,0,0,0,0,0,0,0
cws:lblahbehladilcgehcaockdfhmpfpech,0,0,0,0,0,0,10,0,0,0,0,0,0,0
cws:ljkbjodfmekklcoibdnhahlaalhihmlb,0,0,0,0,0,0,10,0,0,0,0,0,0,0
cws:lkicfohpijhcaahdmianhgjglifhlmge,0,0,0,0,0,0,10,0,0,0,0,0,0,0
cws:llfdaleknghepofjcleahemgndnaghhk,0,0,0,0,0,0,10,0,0,0,0,0,0,0
cws:llingdngkbcacpjlhdnfockdicffgocp,0,0,0,0,0,0,10,0,0,0,0,0,0,0
cws:lllnjdmfnfjifcfpppjmcnanpokikcpl,0,0,0,0,0,0,10,0,0,0,0,0,0,0
cws:llnpcnfcbmhkgemaphdocjihgnklklmh,0,0,0,0,0,0,10,0,0,0,0,0,0,0
cws:lloicgmikhdfeenbhbojimobhcjmehhm,0,0,0,0,0,0,10,0,0,0,0,0,0,0
cws:lmbcpkppmmciddpaabpflajbnoajjgem,0,0,0,0,0,0,10,0,0,0,0,0,0,0
cws:lmkjefjdiaffaoibklngnodemckllljd,0,0,0,0,0,0,10,0,0,0,0,0,0,0
cws:lnhoabacmnkaepaabhoiehgelofdmdlh,0,0,0,0,0,0,10,0,0,0,0,0,0,0
cws:lniombipmmhhighllijmcdncnefpjloi,0,0,0,0,0,0,10,0,0,0,0,0,0,0
cws:lpeafonknajhomldlfpanjmigadammgf,0,0,0,0,0,0,10,0,0,0,0,0,0,0
cws:mhbhbdkpjlofhhhfemeleclklfidfgjp,0,0,0,0,0,0,10,0,0,0,0,0,0,0
cws:mibchpjmhiodhdenfchoghahndkbcefk,0,0,0,0,0,0,10,0,0,0,0,0,0,0
cws:nanjaegameeoomamnliimipmmfabdngd,0,0,0,0,0,0,10,0,0,0,0,0,0,0
cws:ncaaipdfhdijmfdfmeoagmogddhkfdec,0,0,0,0,0,0,10,0,0,0,0,0,0,0
cws:nehkafajpagjonhpomopglimnhcicdph,0,0,0,0,0,0,10,0,0,0,0,0,0,0
cws:nfhjdkmpebifdelclimjfaackjhiglpc,0,0,0,0,0,0,10,0,0,0,0,0,0,0
cws:ngceodoilcgpmkijopinlkmohnfifjfb,0,0,0,0,0,0,10,0,0,0,0,0,0,0
cws:ngmbhlokkidckgigcocifgbjljbeidhp,0,0,0,0,0,0,10,0,0,0,0,0,0,0
cws:nhdcmopcaponlhjlhhfbdgngcebhicfi,0,0,0,0,0,0,10,0,0,0,0,0,0,0
cws:njkbbegeohchbcbannojicmcalojcfek,0,0,0,0,0,0,10,0,0,0,0,0,0,0
cws:nlkcecddkejakmaipagbcemeohfomedn,0,0,0,0,0,0,10,0,0,0,0,0,0,0
cws:nmdegdfncjhaiapngoohabcgoeihoipn,0,0,0,0,0,0,10,0,0,0,0,0,0,0
cws:nmlcegphlmcpempfdglmakfikekkkgca,0,0,0,0,0,0,10,0,0,0,0,0,0,0
cws:nnkkgbabjapocnoedeaifoimlbejjckj,0,0,0,0,0,0,10,0,0,0,0,0,0,0
cws:nplkomfjljkaboeadkolegoacdmkeimp,0,0,0,0,0,0,10,0,0,0,0,0,0,0
cws:odfaaonbinobeomfaaepmjjhodelkkke,0,0,0,0,0,0,10,0,0,0,0,0,0,0
cws:oejgccbfbmkkpaidnkphaiaecficdnfn,0,0,0,0,0,0,10,0,0,0,0,0,0,0
cws:ofmanejijbcohgebmdfacglmhemiifca,0,0,0,0,0,0,10,0,0,0,0,0,0,0
cws:ohjjagkpmpegpmhlknfecopbafpdddgo,0,0,0,0,0,0,10,0,0,0,0,0,0,0
cws:pacollipcdllokahiioagjbinbidcaaf,0,0,0,0,0,0,10,0,0,0,0,0,0,0
cws:pajmmdmjkjjhogcgloaphjibbpdhmklp,0,0,0,0,0,0,10,0,0,0,0,0,0,0
cws:pappcjmimkmjekiaiedkhfogpclanicb,0,0,0,0,0,0,10,0,0,0,0,0,0,0
cws:pbihgpakabjjclmieijhfaaajpbbbpej,0,0,0,0,0,0,10,0,0,0,0,0,0,0
cws:pbnhgpbneanmjlcnkmifdkpbkjaoebpb,0,0,0,0,0,0,10,0,0,0,0,0,0,0
cws:peocghcbolghcodidjgkndgahnlaecfl,0,0,0,0,0,0,10,0,0,0,0,0,0,0
cws:pfbgmmjloigajfgnfmgmdbafaedpmlml,0,0,0,0,0,0,10,0,0,0,0,0,0,0
cws:pgbdljpkijehgoacbjpolaomhkoffhnl,0,0,0,0,0,0,10,0,0,0,0,0,0,0
cws:phibodiabnfldclfgkkafehjbadgeaad,0,0,0,0,0,0,10,0,0,0,0,0,0,0
cws:ppdaimjdegannlbdhdlcehjlcngcboog,0,0,0,0,0,0,10,0,0,0,0,0,0,0
ios:id1010391170,0,0,0,0,0,0,10,0,0,0,0,0,0,0
ios:id1018301773,0,0,0,0,0,0,10,0,0,0,0,0,0,0
ios:id1022831885,0,0,0,0,0,0,10,0,0,0,0,0,0,0
ios:id1023475268,0,0,0,0,0,0,10,0,0,0,0,0,0,0
ios:id1023924541,0,0,0,0,0,0,10,0,0,0,0,0,0,0
ios:id1029207872,0,0,0,0,0,0,10,0,0,0,0,0,0,0
ios:id1030595027,0,0,0,0,0,0,10,0,0,0,0,0,0,0
ios:id1037709284,0,0,0,0,0,0,10,0,0,0,0,0,0,0
ios:id1041482672,0,0,0,0,0,0,10,0,0,0,0,0,0,0
ios:id1047223162,0,0,0,0,0,0,10,0,0,0,0,0,0,0
ios:id1052216403,0,0,0,0,0,0,10,0,0,0,0,0,0,0
ios:id1052879175,0,0,0,0,0,0,10,0,0,0,0,0,0,0
ios:id1055295863,0,0,0,0,0,0,10,0,0,0,0,0,0,0
ios:id1055315077,0,0,0,0,0,0,10,0,0,0,0,0,0,0
ios:id1066018502,0,0,0,0,0,0,10,0,0,0,0,0,0,0
ios:id1067755201,0,0,0,0,0,0,10,0,0,0,0,0,0,0
ios:id1070535098,0,0,0,0,0,0,10,0,0,0,0,0,0,0
ios:id1071244095,0,0,0,0,0,0,10,0,0,0,0,0,0,0
ios:id1071708905,0,0,0,0,0,0,10,0,0,0,0,0,0,0
ios:id1077776989,0,0,0,0,0,0,10,0,0,0,0,0,0,0
ios:id1078562105,0,0,0,0,0,0,10,0,0,0,0,0,0,0
ios:id1084540807,0,0,0,0,0,0,10,0,0,0,0,0,0,0
ios:id1089982285,0,0,0,0,0,0,10,0,0,0,0,0,0,0
ios:id1090990601,0,0,0,0,0,0,10,0,0,0,0,0,0,0
ios:id1092799236,0,0,0,0,0,0,10,0,0,0,0,0,0,0
ios:id1093360165,0,0,0,0,0,0,10,0,0,0,0,0,0,0
ios:id1102208660,0,0,0,0,0,0,10,0,0,0,0,0,0,0
ios:id1103961876,0,0,0,0,0,0,10,0,0,0,0,0,0,0
ios:id1108786610,0,0,0,0,0,0,10,0,0,0,0,0,0,0
ios:id1110684238,0,0,0,0,0,0,10,0,0,0,0,0,0,0
ios:id1111447047,0,0,0,0,0,0,10,0,0,0,0,0,0,0
ios:id1134727588,0,0,0,0,0,0,10,0,0,0,0,0,0,0
ios:id1135988868,0,0,0,0,0,0,10,0,0,0,0,0,0,0
ios:id1138584627,0,0,0,0,0,0,10,0,0,0,0,0,0,0
ios:id1149192857,0,0,0,0,0,0,10,0,0,0,0,0,0,0
ios:id1150085200,0,0,0,0,0,0,10,0,0,0,0,0,0,0
ios:id1156285759,0,0,0,0,0,0,10,0,0,0,0,0,0,0
ios:id1158877342,0,0,0,0,0,0,10,0,0,0,0,0,0,0
ios:id1172138662,0,0,0,0,0,0,10,0,0,0,0,0,0,0
ios:id1181028777,0,0,0,0,0,0,10,0,0,0,0,0,0,0
ios:id1182397829,0,0,0,0,0,0,10,0,0,0,0,0,0,0
ios:id1188080269,0,0,0,0,0,0,10,0,0,0,0,0,0,0
ios:id1189844594,0,0,0,0,0,0,10,0,0,0,0,0,0,0
ios:id1190074407,0,0,0,0,0,0,10,0,0,0,0,0,0,0
ios:id1190294015,0,0,0,0,0,0,10,0,0,0,0,0,0,0
ios:id1194023242,0,0,0,0,0,0,10,0,0,0,0,0,0,0
ios:id1203637303,0,0,0,0,0,0,10,0,0,0,0,0,0,0
ios:id1210209691,0,0,0,0,0,0,10,0,0,0,0,0,0,0
ios:id1212616790,0,0,0,0,0,0,10,0,0,0,0,0,0,0
ios:id1220976145,0,0,0,0,0,0,10,0,0,0,0,0,0,0
ios:id1225155794,0,0,0,0,0,0,10,0,0,0,0,0,0,0
ios:id1226900784,0,0,0,0,0,0,10,0,0,0,0,0,0,0
ios:id1239133490,0,0,0,0,0,0,10,0,0,0,0,0,0,0
ios:id1241229134,0,0,0,0,0,0,10,0,0,0,0,0,0,0
ios:id1242689729,0,0,0,0,0,0,10,0,0,0,0,0,0,0
ios:id1247478067,0,0,0,0,0,0,10,0,0,0,0,0,0,0
ios:id1248966041,0,0,0,0,0,0,10,0,0,0,0,0,0,0
ios:id1253577148,0,0,0,0,0,0,10,0,0,0,0,0,0,0
ios:id1255964203,0,0,0,0,0,0,10,0,0,0,0,0,0,0
ios:id1258654743,0,0,0,0,0,0,10,0,0,0,0,0,0,0
ios:id1260462853,0,0,0,0,0,0,10,0,0,0,0,0,0,0
ios:id1263789061,0,0,0,0,0,0,10,0,0,0,0,0,0,0
ios:id1265128036,0,0,0,0,0,0,10,0,0,0,0,0,0,0
ios:id1269788228,0,0,0,0,0,0,10,0,0,0,0,0,0,0
ios:id1271515042,0,0,0,0,0,0,10,0,0,0,0,0,0,0
ios:id1273719339,0,0,0,0,0,0,10,0,0,0,0,0,0,0
ios:id1274938524,0,0,0,0,0,0,10,0,0,0,0,0,0,0
ios:id1279716547,0,0,0,0,0,0,10,0,0,0,0,0,0,0
ios:id1291898086,0,0,0,0,0,0,10,0,0,0,0,0,0,0
ios:id1292587933,0,0,0,0,0,0,10,0,0,0,0,0,0,0
ios:id1303790148,0,0,0,0,0,0,10,0,0,0,0,0,0,0
ios:id1304344207,0,0,0,0,0,0,10,0,0,0,0,0,0,0
ios:id1318534582,0,0,0,0,0,0,10,0,0,0,0,0,0,0
ios:id1326310617,0,0,0,0,0,0,10,0,0,0,0,0,0,0
ios:id1346247457,0,0,0,0,0,0,10,0,0,0,0,0,0,0
ios:id1347447233,0,0,0,0,0,0,10,0,0,0,0,0,0,0
ios:id1348097043,0,0,0,0,0,0,10,0,0,0,0,0,0,0
ios:id1353634006,0,0,0,0,0,0,10,0,0,0,0,0,0,0
ios:id1365531024,0,0,0,0,0,0,10,0,0,0,0,0,0,0
ios:id1365784521,0,0,0,0,0,0,10,0,0,0,0,0,0,0
ios:id1372575227,0,0,0,0,0,0,10,0,0,0,0,0,0,0
ios:id1382141225,0,0,0,0,0,0,10,0,0,0,0,0,0,0
ios:id1385417904,0,0,0,0,0,0,10,0,0,0,0,0,0,0
ios:id1389900237,0,0,0,0,0,0,10,0,0,0,0,0,0,0
ios:id1394150432,0,0,0,0,0,0,10,0,0,0,0,0,0,0
ios:id1403367428,0,0,0,0,0,0,10,0,0,0,0,0,0,0
ios:id1403517519,0,0,0,0,0,0,10,0,0,0,0,0,0,0
ios:id1403700342,0,0,0,0,0,0,10,0,0,0,0,0,0,0
ios:id1405229961,0,0,0,0,0,0,10,0,0,0,0,0,0,0
ios:id1423210932,0,0,0,0,0,0,10,0,0,0,0,0,0,0
ios:id1436994560,0,0,0,0,0,0,10,0,0,0,0,0,0,0
ios:id1440668949,0,0,0,0,0,0,10,0,0,0,0,0,0,0
ios:id1441578839,0,0,0,0,0,0,10,0,0,0,0,0,0,0
ios:id1441909643,0,0,0,0,0,0,10,0,0,0,0,0,0,0
ios:id1445651730,0,0,0,0,0,0,10,0,0,0,0,0,0,0
ios:id1450358983,0,0,0,0,0,0,10,0,0,0,0,0,0,0
ios:id1451295827,0,0,0,0,0,0,10,0,0,0,0,0,0,0
ios:id1457846652,0,0,0,0,0,0,10,0,0,0,0,0,0,0
ios:id1458862350,0,0,0,0,0,0,10,0,0,0,0,0,0,0
ios:id1459096306,0,0,0,0,0,0,10,0,0,0,0,0,0,0
ios:id1461517107,0,0,0,0,0,0,10,0,0,0,0,0,0,0
ios:id1465713447,0,0,0,0,0,0,10,0,0,0,0,0,0,0
ios:id1466184914,0,0,0,0,0,0,10,0,0,0,0,0,0,0
ios:id1471458198,0,0,0,0,0,0,10,0,0,0,0,0,0,0
ios:id1474170096,0,0,0,0,0,0,10,0,0,0,0,0,0,0
ios:id1474340105,0,0,0,0,0,0,10,0,0,0,0,0,0,0
ios:id1474967653,0,0,0,0,0,0,10,0,0,0,0,0,0,0
ios:id1479581895,0,0,0,0,0,0,10,0,0,0,0,0,0,0
ios:id1480220328,0,0,0,0,0,0,10,0,0,0,0,0,0,0
ios:id1482225056,0,0,0,0,0,0,10,0,0,0,0,0,0,0
ios:id1482725254,0,0,0,0,0,0,10,0,0,0,0,0,0,0
ios:id1483440638,0,0,0,0,0,0,10,0,0,0,0,0,0,0
ios:id1492017640,0,0,0,0,0,0,10,0,0,0,0,0,0,0
ios:id1492424176,0,0,0,0,0,0,10,0,0,0,0,0,0,0
ios:id1494584871,0,0,0,0,0,0,10,0,0,0,0,0,0,0
ios:id1496908204,0,0,0,0,0,0,10,0,0,0,0,0,0,0
ios:id1497465230,0,0,0,0,0,0,10,0,0,0,0,0,0,0
ios:id1501162474,0,0,0,0,0,0,10,0,0,0,0,0,0,0
ios:id1502380751,0,0,0,0,0,0,10,0,0,0,0,0,0,0
ios:id1504538204,0,0,0,0,0,0,10,0,0,0,0,0,0,0
ios:id1506160130,0,0,0,0,0,0,10,0,0,0,0,0,0,0
ios:id1506604517,0,0,0,0,0,0,10,0,0,0,0,0,0,0
ios:id1508341781,0,0,0,0,0,0,10,0,0,0,0,0,0,0
ios:id1509154892,0,0,0,0,0,0,10,0,0,0,0,0,0,0
ios:id1510276630,0,0,0,0,0,0,10,0,0,0,0,0,0,0
ios:id1514915737,0,0,0,0,0,0,10,0,0,0,0,0,0,0
ios:id1515753232,0,0,0,0,0,0,10,0,0,0,0,0,0,0
ios:id1517360968,0,0,0,0,0,0,10,0,0,0,0,0,0,0
ios:id1519159240,0,0,0,0,0,0,10,0,0,0,0,0,0,0
ios:id1519999420,0,0,0,0,0,0,10,0,0,0,0,0,0,0
ios:id1521432881,0,0,0,0,0,0,10,0,0,0,0,0,0,0
ios:id1522121879,0,0,0,0,0,0,10,0,0,0,0,0,0,0
ios:id1522854086,0,0,0,0,0,0,10,0,0,0,0,0,0,0
ios:id1523968394,0,0,0,0,0,0,10,0,0,0,0,0,0,0
ios:id1528183849,0,0,0,0,0,0,10,0,0,0,0,0,0,0
ios:id1529362535,0,0,0,0,0,0,10,0,0,0,0,0,0,0
ios:id1531048091,0,0,0,0,0,0,10,0,0,0,0,0,0,0
ios:id1532875441,0,0,0,0,0,0,10,0,0,0,0,0,0,0
ios:id1540472983,0,0,0,0,0,0,10,0,0,0,0,0,0,0
ios:id1541027222,0,0,0,0,0,0,10,0,0,0,0,0,0,0
ios:id1542448354,0,0,0,0,0,0,10,0,0,0,0,0,0,0
ios:id1544743900,0,0,0,0,0,0,10,0,0,0,0,0,0,0
ios:id1547137474,0,0,0,0,0,0,10,0,0,0,0,0,0,0
ios:id1551848949,0,0,0,0,0,0,10,0,0,0,0,0,0,0
ios:id1553223828,0,0,0,0,0,0,10,0,0,0,0,0,0,0
ios:id1553693943,0,0,0,0,0,0,10,0,0,0,0,0,0,0
ios:id1554256831,0,0,0,0,0,0,10,0,0,0,0,0,0,0
ios:id1555980557,0,0,0,0,0,0,10,0,0,0,0,0,0,0
ios:id1559346778,0,0,0,0,0,0,10,0,0,0,0,0,0,0
ios:id1559563420,0,0,0,0,0,0,10,0,0,0,0,0,0,0
ios:id1559730367,0,0,0,0,0,0,10,0,0,0,0,0,0,0
ios:id1560095006,0,0,0,0,0,0,10,0,0,0,0,0,0,0
ios:id1562706384,0,0,0,0,0,0,10,0,0,0,0,0,0,0
ios:id1563837295,0,0,0,0,0,0,10,0,0,0,0,0,0,0
ios:id1564900435,0,0,0,0,0,0,10,0,0,0,0,0,0,0
ios:id1569973513,0,0,0,0,0,0,10,0,0,0,0,0,0,0
ios:id1570156834,0,0,0,0,0,0,10,0,0,0,0,0,0,0
ios:id1570856853,0,0,0,0,0,0,10,0,0,0,0,0,0,0
ios:id1571638750,0,0,0,0,0,0,10,0,0,0,0,0,0,0
ios:id1572515807,0,0,0,0,0,0,10,0,0,0,0,0,0,0
ios:id1575693779,0,0,0,0,0,0,10,0,0,0,0,0,0,0
ios:id1576857102,0,0,0,0,0,0,10,0,0,0,0,0,0,0
ios:id1579390348,0,0,0,0,0,0,10,0,0,0,0,0,0,0
ios:id1593891243,0,0,0,0,0,0,10,0,0,0,0,0,0,0
ios:id1596059191,0,0,0,0,0,0,10,0,0,0,0,0,0,0
ios:id1603024803,0,0,0,0,0,0,10,0,0,0,0,0,0,0
ios:id1606029127,0,0,0,0,0,0,10,0,0,0,0,0,0,0
ios:id1609750176,0,0,0,0,0,0,10,0,0,0,0,0,0,0
ios:id1613169688,0,0,0,0,0,0,10,0,0,0,0,0,0,0
ios:id1615561965,0,0,0,0,0,0,10,0,0,0,0,0,0,0
ios:id1616433953,0,0,0,0,0,0,10,0,0,0,0,0,0,0
ios:id1621897751,0,0,0,0,0,0,10,0,0,0,0,0,0,0
ios:id1624890673,0,0,0,0,0,0,10,0,0,0,0,0,0,0
ios:id1628994767,0,0,0,0,0,0,10,0,0,0,0,0,0,0
ios:id1631305261,0,0,0,0,0,0,10,0,0,0,0,0,0,0
ios:id1634119476,0,0,0,0,0,0,10,0,0,0,0,0,0,0
ios:id1635965517,0,0,0,0,0,0,10,0,0,0,0,0,0,0
ios:id1636512377,0,0,0,0,0,0,10,0,0,0,0,0,0,0
ios:id1639800794,0,0,0,0,0,0,10,0,0,0,0,0,0,0
ios:id1644638467,0,0,0,0,0,0,10,0,0,0,0,0,0,0
ios:id1644737181,0,0,0,0,0,0,10,0,0,0,0,0,0,0
ios:id1645472970,0,0,0,0,0,0,10,0,0,0,0,0,0,0
ios:id1645639057,0,0,0,0,0,0,10,0,0,0,0,0,0,0
ios:id1662217862,0,0,0,0,0,0,10,0,0,0,0,0,0,0
ios:id1663556775,0,0,0,0,0,0,10,0,0,0,0,0,0,0
ios:id1670958524,0,0,0,0,0,0,10,0,0,0,0,0,0,0
ios:id1671825554,0,0,0,0,0,0,10,0,0,0,0,0,0,0
ios:id1673743726,0,0,0,0,0,0,10,0,0,0,0,0,0,0
ios:id281796108,0,0,0,0,0,0,10,0,0,0,0,0,0,0
ios:id299153586,0,0,0,0,0,0,10,0,0,0,0,0,0,0
ios:id314498713,0,0,0,0,0,0,10,0,0,0,0,0,0,0
ios:id332520417,0,0,0,0,0,0,10,0,0,0,0,0,0,0
ios:id335318146,0,0,0,0,0,0,10,0,0,0,0,0,0,0
ios:id337472899,0,0,0,0,0,0,10,0,0,0,0,0,0,0
ios:id346432063,0,0,0,0,0,0,10,0,0,0,0,0,0,0
ios:id353334746,0,0,0,0,0,0,10,0,0,0,0,0,0,0
ios:id367506176,0,0,0,0,0,0,10,0,0,0,0,0,0,0
ios:id369838631,0,0,0,0,0,0,10,0,0,0,0,0,0,0
ios:id375121227,0,0,0,0,0,0,10,0,0,0,0,0,0,0
ios:id380816407,0,0,0,0,0,0,10,0,0,0,0,0,0,0
ios:id391564049,0,0,0,0,0,0,10,0,0,0,0,0,0,0
ios:id393159800,0,0,0,0,0,0,10,0,0,0,0,0,0,0
ios:id409077093,0,0,0,0,0,0,10,0,0,0,0,0,0,0
ios:id410395246,0,0,0,0,0,0,10,0,0,0,0,0,0,0
ios:id415294299,0,0,0,0,0,0,10,0,0,0,0,0,0,0
ios:id448207365,0,0,0,0,0,0,10,0,0,0,0,0,0,0
ios:id461504587,0,0,0,0,0,0,10,0,0,0,0,0,0,0
ios:id464254577,0,0,0,0,0,0,10,0,0,0,0,0,0,0
ios:id475816966,0,0,0,0,0,0,10,0,0,0,0,0,0,0
ios:id481229967,0,0,0,0,0,0,10,0,0,0,0,0,0,0
ios:id489969512,0,0,0,0,0,0,10,0,0,0,0,0,0,0
ios:id497328576,0,0,0,0,0,0,10,0,0,0,0,0,0,0
ios:id505410049,0,0,0,0,0,0,10,0,0,0,0,0,0,0
ios:id515571863,0,0,0,0,0,0,10,0,0,0,0,0,0,0
ios:id519561306,0,0,0,0,0,0,10,0,0,0,0,0,0,0
ios:id522008611,0,0,0,0,0,0,10,0,0,0,0,0,0,0
ios:id537568757,0,0,0,0,0,0,10,0,0,0,0,0,0,0
ios:id557785123,0,0,0,0,0,0,10,0,0,0,0,0,0,0
ios:id571800810,0,0,0,0,0,0,10,0,0,0,0,0,0,0
ios:id572688855,0,0,0,0,0,0,10,0,0,0,0,0,0,0
ios:id590573213,0,0,0,0,0,0,10,0,0,0,0,0,0,0
ios:id601617403,0,0,0,0,0,0,10,0,0,0,0,0,0,0
ios:id618783545,0,0,0,0,0,0,10,0,0,0,0,0,0,0
ios:id626144601,0,0,0,0,0,0,10,0,0,0,0,0,0,0
ios:id6443399771,0,0,0,0,0,0,10,0,0,0,0,0,0,0
ios:id6443657745,0,0,0,0,0,0,10,0,0,0,0,0,0,0
ios:id6443672034,0,0,0,0,0,0,10,0,0,0,0,0,0,0
ios:id6444372570,0,0,0,0,0,0,10,0,0,0,0,0,0,0
ios:id6444557796,0,0,0,0,0,0,10,0,0,0,0,0,0,0
ios:id6444819615,0,0,0,0,0,0,10,0,0,0,0,0,0,0
ios:id6446271738,0,0,0,0,0,0,10,0,0,0,0,0,0,0
ios:id6446425510,0,0,0,0,0,0,10,0,0,0,0,0,0,0
ios:id6446800962,0,0,0,0,0,0,10,0,0,0,0,0,0,0
ios:id6446997766,0,0,0,0,0,0,10,0,0,0,0,0,0,0
ios:id6447776505,0,0,0,0,0,0,10,0,0,0,0,0,0,0
ios:id6448239603,0,0,0,0,0,0,10,0,0,0,0,0,0,0
ios:id6448859727,0,0,0,0,0,0,10,0,0,0,0,0,0,0
ios:id6448949389,0,0,0,0,0,0,10,0,0,0,0,0,0,0
ios:id6450408337,0,0,0,0,0,0,10,0,0,0,0,0,0,0
ios:id6450676637,0,0,0,0,0,0,10,0,0,0,0,0,0,0
ios:id6451248050,0,0,0,0,0,0,10,0,0,0,0,0,0,0
ios:id6451370747,0,0,0,0,0,0,10,0,0,0,0,0,0,0
ios:id6451398522,0,0,0,0,0,0,10,0,0,0,0,0,0,0
ios:id6458733529,0,0,0,0,0,0,10,0,0,0,0,0,0,0
ios:id6465894484,0,0,0,0,0,0,10,0,0,0,0,0,0,0
ios:id6469043032,0,0,0,0,0,0,10,0,0,0,0,0,0,0
ios:id6470944782,0,0,0,0,0,0,10,0,0,0,0,0,0,0
ios:id6472498233,0,0,0,0,0,0,10,0,0,0,0,0,0,0
ios:id6473397856,0,0,0,0,0,0,10,0,0,0,0,0,0,0
ios:id6474303915,0,0,0,0,0,0,10,0,0,0,0,0,0,0
ios:id6474421906,0,0,0,0,0,0,10,0,0,0,0,0,0,0
ios:id6476949191,0,0,0,0,0,0,10,0,0,0,0,0,0,0
ios:id6477306136,0,0,0,0,0,0,10,0,0,0,0,0,0,0
ios:id6478173099,0,0,0,0,0,0,10,0,0,0,0,0,0,0
ios:id6479611902,0,0,0,0,0,0,10,0,0,0,0,0,0,0
ios:id6480042457,0,0,0,0,0,0,10,0,0,0,0,0,0,0
ios:id6502186144,0,0,0,0,0,0,10,0,0,0,0,0,0,0
ios:id6502852840,0,0,0,0,0,0,10,0,0,0,0,0,0,0
ios:id6504861501,0,0,0,0,0,0,10,0,0,0,0,0,0,0
ios:id6608976383,0,0,0,0,0,0,10,0,0,0,0,0,0,0
ios:id663592361,0,0,0,0,0,0,10,0,0,0,0,0,0,0
ios:id664563975,0,0,0,0,0,0,10,0,0,0,0,0,0,0
ios:id6670452224,0,0,0,0,0,0,10,0,0,0,0,0,0,0
ios:id667197203,0,0,0,0,0,0,10,0,0,0,0,0,0,0
ios:id6692626981,0,0,0,0,0,0,10,0,0,0,0,0,0,0
ios:id6705133649,0,0,0,0,0,0,10,0,0,0,0,0,0,0
ios:id670870972,0,0,0,0,0,0,10,0,0,0,0,0,0,0
ios:id672401817,0,0,0,0,0,0,10,0,0,0,0,0,0,0
ios:id6736793117,0,0,0,0,0,0,10,0,0,0,0,0,0,0
ios:id6737131495,0,0,0,0,0,0,10,0,0,0,0,0,0,0
ios:id6737145799,0,0,0,0,0,0,10,0,0,0,0,0,0,0
ios:id6737629792,0,0,0,0,0,0,10,0,0,0,0,0,0,0
ios:id6737768320,0,0,0,0,0,0,10,0,0,0,0,0,0,0
ios:id6738301540,0,0,0,0,0,0,10,0,0,0,0,0,0,0
ios:id6738397686,0,0,0,0,0,0,10,0,0,0,0,0,0,0
ios:id6739004389,0,0,0,0,0,0,10,0,0,0,0,0,0,0
ios:id6739589530,0,0,0,0,0,0,10,0,0,0,0,0,0,0
ios:id6739964338,0,0,0,0,0,0,10,0,0,0,0,0,0,0
ios:id6740869199,0,0,0,0,0,0,10,0,0,0,0,0,0,0
ios:id6741067501,0,0,0,0,0,0,10,0,0,0,0,0,0,0
ios:id6741681993,0,0,0,0,0,0,10,0,0,0,0,0,0,0
ios:id6741699842,0,0,0,0,0,0,10,0,0,0,0,0,0,0
ios:id6742149187,0,0,0,0,0,0,10,0,0,0,0,0,0,0
ios:id6742233914,0,0,0,0,0,0,10,0,0,0,0,0,0,0
ios:id6743442157,0,0,0,0,0,0,10,0,0,0,0,0,0,0
ios:id6746379633,0,0,0,0,0,0,10,0,0,0,0,0,0,0
ios:id6746482627,0,0,0,0,0,0,10,0,0,0,0,0,0,0
ios:id6746562271,0,0,0,0,0,0,10,0,0,0,0,0,0,0
ios:id6747114186,0,0,0,0,0,0,10,0,0,0,0,0,0,0
ios:id6747120789,0,0,0,0,0,0,10,0,0,0,0,0,0,0
ios:id6749454677,0,0,0,0,0,0,10,0,0,0,0,0,0,0
ios:id6751124216,0,0,0,0,0,0,10,0,0,0,0,0,0,0
ios:id6751235134,0,0,0,0,0,0,10,0,0,0,0,0,0,0
ios:id6752837361,0,0,0,0,0,0,10,0,0,0,0,0,0,0
ios:id6753161990,0,0,0,0,0,0,10,0,0,0,0,0,0,0
ios:id6753177043,0,0,0,0,0,0,10,0,0,0,0,0,0,0
ios:id687421118,0,0,0,0,0,0,10,0,0,0,0,0,0,0
ios:id691121579,0,0,0,0,0,0,10,0,0,0,0,0,0,0
ios:id719462746,0,0,0,0,0,0,10,0,0,0,0,0,0,0
ios:id726031617,0,0,0,0,0,0,10,0,0,0,0,0,0,0
ios:id726780077,0,0,0,0,0,0,10,0,0,0,0,0,0,0
ios:id777875529,0,0,0,0,0,0,10,0,0,0,0,0,0,0
ios:id804284729,0,0,0,0,0,0,10,0,0,0,0,0,0,0
ios:id826016623,0,0,0,0,0,0,10,0,0,0,0,0,0,0
ios:id830466924,0,0,0,0,0,0,10,0,0,0,0,0,0,0
ios:id867374917,0,0,0,0,0,0,10,0,0,0,0,0,0,0
ios:id874656917,0,0,0,0,0,0,10,0,0,0,0,0,0,0
ios:id875252906,0,0,0,0,0,0,10,0,0,0,0,0,0,0
ios:id885146361,0,0,0,0,0,0,10,0,0,0,0,0,0,0
ios:id886156937,0,0,0,0,0,0,10,0,0,0,0,0,0,0
ios:id890352174,0,0,0,0,0,0,10,0,0,0,0,0,0,0
ios:id914825567,0,0,0,0,0,0,10,0,0,0,0,0,0,0
ios:id917701230,0,0,0,0,0,0,10,0,0,0,0,0,0,0
ios:id920161006,0,0,0,0,0,0,10,0,0,0,0,0,0,0
ios:id923408272,0,0,0,0,0,0,10,0,0,0,0,0,0,0
ios:id930904592,0,0,0,0,0,0,10,0,0,0,0,0,0,0
ios:id941222646,0,0,0,0,0,0,10,0,0,0,0,0,0,0
ios:id953426154,0,0,0,0,0,0,10,0,0,0,0,0,0,0
ios:id954029412,0,0,0,0,0,0,10,0,0,0,0,0,0,0
ios:id963034692,0,0,0,0,0,0,10,0,0,0,0,0,0,0
ios:id973130201,0,0,0,0,0,0,10,0,0,0,0,0,0,0
ios:id975017240,0,0,0,0,0,0,10,0,0,0,0,0,0,0
ios:id981379631,0,0,0,0,0,0,10,0,0,0,0,0,0,0
ios:id982502810,0,0,0,0,0,0,10,0,0,0,0,0,0,0
ios:id983826477,0,0,0,0,0,0,10,0,0,0,0,0,0,0
ios:id986999874,0,0,0,0,0,0,10,0,0,0,0,0,0,0
ios:id993066159,0,0,0,0,0,0,10,0,0,0,0,0,0,0
ios:id994098803,0,0,0,0,0,0,10,0,0,0,0,0,0,0
ios:id994882113,0,0,0,0,0,0,10,0,0,0,0,0,0,0
ios:id997102246,0,0,0,0,0,0,10,0,0,0,0,0,0,0
play:ai.momental,0,0,0,0,0,0,10,0,0,0,0,0,0,0
play:ai.perplexity.app.android,0,0,0,0,0,0,10,0,0,0,0,0,0,0
play:ai.x.grok,0,0,0,0,0,0,10,0,0,0,0,0,0,0
play:app.avocation.avocation,0,0,0,0,0,0,10,0,0,0,0,0,0,0
play:app.blissful.mood.tracker.journal.selfcare,0,0,0,0,0,0,10,0,0,0,0,0,0,0
play:app.disciplined.productive.structured.habit.tracker,0,0,0,0,0,0,10,0,0,0,0,0,0,0
play:app.hallow.android,0,0,0,0,0,0,10,0,0,0,0,0,0,0
play:app.kids360.parent,0,0,0,0,0,0,10,0,0,0,0,0,0,0
play:app.pumped.workout.log.tracker.strong.gym.exercise,0,0,0,0,0,0,10,0,0,0,0,0,0,0
play:app.resubs,0,0,0,0,0,0,10,0,0,0,0,0,0,0
play:app.routineflow.routineflow,0,0,0,0,0,0,10,0,0,0,0,0,0,0
play:app.stacked.routines.habits.stacking.productivity.goals,0,0,0,0,0,0,10,0,0,0,0,0,0,0
play:app.streamguide,0,0,0,0,0,0,10,0,0,0,0,0,0,0
play:app.sweepy.sweepy,0,0,0,0,0,0,10,0,0,0,0,0,0,0
play:app.univi.prod,0,0,0,0,0,0,10,0,0,0,0,0,0,0
play:app.vinztech.diaryit,0,0,0,0,0,0,10,0,0,0,0,0,0,0
play:app.vinztech.tickit,0,0,0,0,0,0,10,0,0,0,0,0,0,0
play:app.vinztech.trackit,0,0,0,0,0,0,10,0,0,0,0,0,0,0
play:app.voicestories.android,0,0,0,0,0,0,10,0,0,0,0,0,0,0
play:betwixt.web.app,0,0,0,0,0,0,10,0,0,0,0,0,0,0
play:blueprint.project.management.time.tracker,0,0,0,0,0,0,10,0,0,0,0,0,0,0
play:cc.forestapp,18,0,438,48,0,18,10,0,6,24,12,12,36,54
play:cn.wps.moffice_eng,0,0,0,0,0,0,10,0,0,0,0,0,0,0
play:co.au.goalhero,0,0,0,0,0,0,10,0,0,0,0,0,0,0
play:co.blocksite,0,0,0,0,0,0,10,0,0,0,0,0,0,0
play:co.pixo.apps.babystory,0,0,0,0,0,0,10,0,0,0,0,0,0,0
play:co.pixo.apps.logoshop.androidApp,0,0,0,0,0,0,10,0,0,0,0,0,0,0
play:co.pixo.spoke,0,0,0,0,0,0,10,0,0,0,0,0,0,0
play:co.pixo.vico,0,0,0,0,0,0,10,0,0,0,0,0,0,0
play:co.thefab.mind,0,0,0,0,0,0,10,0,0,0,0,0,0,0
play:co.thefab.sleep,0,0,0,0,0,0,10,0,0,0,0,0,0,0
play:co.thefab.tm,0,0,0,0,0,0,10,0,0,0,0,0,0,0
play:co.thefabulous.app,0,0,0,0,0,0,10,0,0,0,0,0,0,0
play:co.thomasmenzel.proddy,0,0,0,0,0,0,10,0,0,0,0,0,0,0
play:co.zeitic.focusmeter,0,0,0,0,0,0,10,0,0,0,0,0,0,0
play:com.Meditation.app,0,0,0,0,0,0,10,0,0,0,0,0,0,0
play:com.abdula.pranabreath,0,0,0,0,0,0,10,0,0,0,0,0,0,0
play:com.adobe.reader,0,0,0,0,0,0,10,0,0,0,0,0,0,0
play:com.aheadsolutions.aHead,0,0,0,0,0,0,10,0,0,0,0,0,0,0
play:com.akiliinteractive.t01a,0,0,0,0,0,0,10,0,0,0,0,0,0,0
play:com.alarmclock.xtreme.free,0,0,0,0,0,0,10,0,0,0,0,0,0,0
play:com.albul.timeplanner,0,0,0,0,0,0,10,0,0,0,0,0,0,0
play:com.alt.goodmorning,0,0,0,0,0,0,10,0,0,0,0,0,0,0
play:com.anthropic.claude,0,0,0,0,0,0,10,0,0,0,0,0,0,0
play:com.apalon.to.do.list,0,0,0,0,0,0,10,0,0,0,0,0,0,0
play:com.app.floatingapptimer.com,0,0,0,0,0,0,10,0,0,0,0,0,0,0
play:com.appetiser.bbr.bodiesbyrachel,0,0,0,0,0,0,10,0,0,0,0,0,0,0
play:com.apps.adrcotfas.goodtime,0,0,0,0,0,0,10,0,0,0,0,0,0,0
play:com.asanarebel.perfectdayplanner,0,0,0,0,0,0,10,0,0,0,0,0,0,0
play:com.ascent,0,0,0,0,0,0,10,0,0,0,0,0,0,0
play:com.aurahealth,0,0,0,0,0,0,10,0,0,0,0,0,0,0
play:com.basmo.BibleChat,0,0,0,0,0,0,10,0,0,0,0,0,0,0
play:com.blockerhero,0,0,0,0,0,0,10,0,0,0,0,0,0,0
play:com.boostedproductivity.app,0,0,0,0,0,0,10,0,0,0,0,0,0,0
play:com.bybazsoft.challenge,0,0,0,0,0,0,10,0,0,0,0,0,0,0
play:com.callapp.contacts,0,0,0,0,0,0,10,0,0,0,0,0,0,0
play:com.calm.android,0,0,0,0,0,0,10,0,0,0,0,0,0,0
play:com.camhart.pornblocker,0,0,0,0,0,0,10,0,0,0,0,0,0,0
play:com.canopy.vpn.filter.parent,0,0,0,0,0,0,10,0,0,0,0,0,0,0
play:com.changecollective.tenpercenthappier,0,0,0,0,0,0,10,0,0,0,0,0,0,0
play:com.chois.soulspace,0,0,0,0,0,0,10,0,0,0,0,0,0,0
play:com.chorefocus.app,0,0,0,0,0,0,10,0,0,0,0,0,0,0
play:com.claudivan.agendadoestudanteplus,0,0,0,0,0,0,10,0,0,0,0,0,0,0
play:com.clevguard.kidsguardpro.parent,0,0,0,0,0,0,10,0,0,0,0,0,0,0
play:com.codeorigin.timer.stopwatch.app.custom.timerapp.countdowntimer.stopwatchlaps.sports.gym.track.time.stopwatchapp.laps.clock.progress,0,0,0,0,0,0,10,0,0,0,0,0,0,0
play:com.curiosity.curiositystream,0,0,0,0,0,0,10,0,0,0,0,0,0,0
play:com.digitalchemy.timerplus,0,0,0,0,0,0,10,0,0,0,0,0,0,0
play:com.disneydigitalbooks.DisneyMagicBrushTimer_goo,0,0,0,0,0,0,10,0,0,0,0,0,0,0
play:com.donutdog,0,0,0,0,0,0,10,0,0,0,0,0,0,0
play:com.dottedcircle.bulletjournal,0,0,0,0,0,0,10,0,0,0,0,0,0,0
play:com.downdogapp.meditation,0,0,0,0,0,0,10,0,0,0,0,0,0,0
play:com.dropbox.android,0,0,0,0,0,0,10,0,0,0,0,0,0,0
play:com.elevatelabs.geonosis,0,0,0,0,0,0,10,0,0,0,0,0,0,0
play:com.engross,0,0,0,0,0,0,10,0,0,0,0,0,0,0
play:com.everydaycheckmobile,0,0,0,0,0,0,10,0,0,0,0,0,0,0
play:com.evgeniysharafan.tabatatimer,0,0,0,0,0,0,10,0,0,0,0,0,0,0
play:com.evoprox.morningroutines,0,0,0,0,0,0,10,0,0,0,0,0,0,0
play:com.familyfirsttechnology.pornblocker,0,0,0,0,0,0,10,0,0,0,0,0,0,0
play:com.feelgoodcompany.feelgood,0,0,0,0,0,0,10,0,0,0,0,0,0,0
play:com.fehnerssoftware.visualtimer,0,0,0,0,0,0,10,0,0,0,0,0,0,0
play:com.fenchtose.reflog,0,0,0,0,0,0,10,0,0,0,0,0,0,0
play:com.ferdinandobermeier.focusmate,0,0,0,0,0,0,10,0,0,0,0,0,0,0
play:com.flashget.parentalcontrol,0,0,0,0,0,0,10,0,0,0,0,0,0,0
play:com.flipd.app,0,0,0,0,0,0,10,0,0,0,0,0,0,0
play:com.focus.productivity.elmnts,0,0,0,0,0,0,10,0,0,0,0,0,0,0
play:com.fourdesire.journal,0,0,0,0,0,0,10,0,0,0,0,0,0,0
play:com.getsomeheadspace.android,0,0,0,0,0,0,10,0,0,0,0,0,0,0
play:com.glorify.app,0,0,0,0,0,0,10,0,0,0,0,0,0,0
play:com.gmail.jmartindev.timetune,0,0,0,0,0,0,10,0,0,0,0,0,0,0
play:com.google.android.apps.docs,0,0,0,0,0,0,10,0,0,0,0,0,0,0
play:com.gravitywell.adhdlove,0,0,0,0,0,0,10,0,0,0,0,0,0,0
play:com.habitgenius.habit.tracker,0,0,0,0,0,0,10,0,0,0,0,0,0,0
play:com.habitpixel.app,0,0,0,0,0,0,10,0,0,0,0,0,0,0
play:com.habitrpg.android.habitica,0,0,0,0,0,0,10,0,0,0,0,0,0,0
play:com.hamatim.podomoro,0,0,0,0,0,0,10,0,0,0,0,0,0,0
play:com.hopemindfulness.hopemindfulness,0,0,0,0,0,0,10,0,0,0,0,0,0,0
play:com.hrd.iam,0,0,0,0,0,0,10,0,0,0,0,0,0,0
play:com.hsv.freeadblockerbrowser,0,0,0,0,0,0,10,0,0,0,0,0,0,0
play:com.hybrid.stopwatch,0,0,0,0,0,0,10,0,0,0,0,0,0,0
play:com.hyperfocusacademy.adhdeasydo,0,0,0,0,0,0,10,0,0,0,0,0,0,0
play:com.ibragunduz.applockpro,0,0,0,0,0,0,10,0,0,0,0,0,0,0
play:com.imobilize.relaxsleepwell,0,0,0,0,0,0,10,0,0,0,0,0,0,0
play:com.intelligentchange.fiveminutejournal,0,0,0,0,0,0,10,0,0,0,0,0,0,0
play:com.interval.timer.workout.tabata.hiit.free,0,0,0,0,0,0,10,0,0,0,0,0,0,0
play:com.intsig.camscanner,0,0,0,0,0,0,10,0,0,0,0,0,0,0
play:com.ishafoundation.app,0,0,0,0,0,0,10,0,0,0,0,0,0,0
play:com.jupiterapps.stopwatch,0,0,0,0,0,0,10,0,0,0,0,0,0,0
play:com.jupli.countdowntoanything,0,0,0,0,0,0,10,0,0,0,0,0,0,0
play:com.kappa.teddybear.android,0,0,0,0,0,0,10,0,0,0,0,0,0,0
play:com.kiddoware.safebrowsingvpn,0,0,0,0,0,0,10,0,0,0,0,0,0,0
play:com.kidslox.app,0,0,0,0,0,0,10,0,0,0,0,0,0,0
play:com.koala.hypnostories,0,0,0,0,0,0,10,0,0,0,0,0,0,0
play:com.kompanion.habit.android,0,0,0,0,0,0,10,0,0,0,0,0,0,0
play:com.lifetech_balance,0,0,0,0,0,0,10,0,0,0,0,0,0,0
play:com.llamaapp,0,0,0,0,0,0,10,0,0,0,0,0,0,0
play:com.looploop.tody,0,0,0,0,0,0,10,0,0,0,0,0,0,0
play:com.mdev.intervaltimer,0,0,0,0,0,0,10,0,0,0,0,0,0,0
play:com.meditation.elevenminute,0,0,0,0,0,0,10,0,0,0,0,0,0,0
play:com.meditationmoments.meditationmoments,0,0,0,0,0,0,10,0,0,0,0,0,0,0
play:com.mentallabs.mentalhealth,0,0,0,0,0,0,10,0,0,0,0,0,0,0
play:com.microsoft.copilot,0,0,0,0,0,0,10,0,0,0,0,0,0,0
play:com.microsoft.office.excel,0,0,0,0,0,0,10,0,0,0,0,0,0,0
play:com.microsoft.office.officehubrow,0,0,0,0,0,0,10,0,0,0,0,0,0,0
play:com.microsoft.office.powerpoint,0,0,0,0,0,0,10,0,0,0,0,0,0,0
play:com.microsoft.office.word,0,0,0,0,0,0,10,0,0,0,0,0,0,0
play:com.mindefy.phoneaddiction.mobilepe,0,0,0,0,0,0,10,0,0,0,0,0,0,0
play:com.mindfulness.android,0,0,0,0,0,0,10,0,0,0,0,0,0,0
play:com.minding.myroutine,0,0,0,0,0,0,10,0,0,0,0,0,0,0
play:com.mmguardian.parentapp,0,0,0,0,0,0,10,0,0,0,0,0,0,0
play:com.modernsam.modernsam,0,0,0,0,0,0,10,0,0,0,0,0,0,0
play:com.motionapp.motionapp,0,0,0,0,0,0,10,0,0,0,0,0,0,0
play:com.motivated.app,0,0,0,0,0,0,10,0,0,0,0,0,0,0
play:com.motorola.spaces,0,0,0,0,0,0,10,0,0,0,0,0,0,0
play:com.moviebase,0,0,0,0,0,0,10,0,0,0,0,0,0,0
play:com.msw.pornblocker,0,0,0,0,0,0,10,0,0,0,0,0,0,0
play:com.museLIVE.quabbleapp,0,0,0,0,0,0,10,0,0,0,0,0,0,0
play:com.newswarajya.noswipe.reelshortblocker,0,0,0,0,0,0,10,0,0,0,0,0,0,0
play:com.omf.android,0,0,0,0,0,0,10,0,0,0,0,0,0,0
play:com.openai.chatgpt,0,0,0,0,0,0,10,0,0,0,0,0,0,0
play:com.oremus.catholic.bible.rosary.prayer,0,0,0,0,0,0,10,0,0,0,0,0,0,0
play:com.oristats.habitbull,0,0,0,0,0,0,10,0,0,0,0,0,0,0
play:com.ourpact.androidparent,0,0,0,0,0,0,10,0,0,0,0,0,0,0
play:com.persapps.multitimer,0,0,0,0,0,0,10,0,0,0,0,0,0,0
play:com.petitbambou,0,0,0,0,0,0,10,0,0,0,0,0,0,0
play:com.planproductive.nopox,0,0,0,0,0,0,10,0,0,0,0,0,0,0
play:com.pomodoro.foca,0,0,0,0,0,0,10,0,0,0,0,0,0,0
play:com.prosper.routines.todo.productive.fabulous.habits.selfcare,0,0,0,0,0,0,10,0,0,0,0,0,0,0
play:com.qqlabs.minimalistlauncher,0,0,0,0,0,0,10,0,0,0,0,0,0,0
play:com.qustodio.family.parental.control.app.screentime,0,0,0,0,0,0,10,0,0,0,0,0,0,0
play:com.replit.app,0,0,0,0,0,0,10,0,0,0,0,0,0,0
play:com.revokevpnapp,0,0,0,0,0,0,10,0,0,0,0,0,0,0
play:com.robobobo.apps.buddhasquotes,0,0,0,0,0,0,10,0,0,0,0,0,0,0
play:com.robokiller.app,0,0,0,0,0,0,10,0,0,0,0,0,0,0
play:com.roehl.habitkit,0,0,0,0,0,0,10,0,0,0,0,0,0,0
play:com.safesurfer,0,0,0,0,0,0,10,0,0,0,0,0,0,0
play:com.sand.airdroidkidp,0,0,0,0,0,0,10,0,0,0,0,0,0,0
play:com.screentime.rc,0,0,0,0,0,0,10,0,0,0,0,0,0,0
play:com.screenzen,0,0,0,0,0,0,10,0,0,0,0,0,0,0
play:com.seekrtech.waterapp,0,0,0,0,0,0,10,0,0,0,0,0,0,0
play:com.sentryapplications.alarmclock,0,0,0,0,0,0,10,0,0,0,0,0,0,0
play:com.shikudo.focus.google,0,0,0,0,0,0,10,0,0,0,0,0,0,0
play:com.shikudo.focus.study.forest.pomodoro.productivity.hero.rpg.android,0,0,0,0,0,0,10,0,0,0,0,0,0,0
play:com.shikudo.focusapp.google,0,0,0,0,0,0,10,0,0,0,0,0,0,0
play:com.simplehabit.simplehabitapp,0,0,0,0,0,0,10,0,0,0,0,0,0,0
play:com.skillfoxapps.qhabit,0,0,0,0,0,0,10,0,0,0,0,0,0,0
play:com.smilingmind.app,0,0,0,0,0,0,10,0,0,0,0,0,0,0
play:com.spotlightsix.zentimerlite2,0,0,0,0,0,0,10,0,0,0,0,0,0,0
play:com.stayfocused,0,0,0,0,0,0,10,0,0,0,0,0,0,0
play:com.studio.hellohabit,0,0,0,0,0,0,10,0,0,0,0,0,0,0
play:com.subconscious.thrive,0,0,0,0,0,0,10,0,0,0,0,0,0,0
play:com.superbyte.studybunny,0,0,0,0,0,0,10,0,0,0,0,0,0,0
play:com.superelement.pomodoro,0,0,0,0,0,0,10,0,0,0,0,0,0,0
play:com.teadoku.hs,0,0,0,0,0,0,10,0,0,0,0,0,0,0
play:com.teqtic.lockmeout,0,0,0,0,0,0,10,0,0,0,0,0,0,0
play:com.thehungrywasp.iamsober,0,0,0,0,0,0,10,0,0,0,0,0,0,0
play:com.thewayapp.mobile,0,0,0,0,0,0,10,0,0,0,0,0,0,0
play:com.third.eye.brainwaves.chakra.meditation,0,0,0,0,0,0,10,0,0,0,0,0,0,0
play:com.ticktick.task,0,0,0,0,0,0,10,0,0,0,0,0,0,0
play:com.timetimer.android,0,0,0,0,0,0,10,0,0,0,0,0,0,0
play:com.todoist,0,0,0,0,0,0,10,0,0,0,0,0,0,0
play:com.underthing.focus.friend,0,0,0,0,0,0,10,0,0,0,0,0,0,0
play:com.unpluq.beta,0,0,0,0,0,0,10,0,0,0,0,0,0,0
play:com.urbandroid.ddc,0,0,0,0,0,0,10,0,0,0,0,0,0,0
play:com.vladlee.easyblacklist,0,0,0,0,0,0,10,0,0,0,0,0,0,0
play:com.wallhabit.app,0,0,0,0,0,0,10,0,0,0,0,0,0,0
play:com.wlxd.pomochallenge,0,0,0,0,0,0,10,0,0,0,0,0,0,0
play:com.wondershare.famisafe,0,0,0,0,0,0,10,0,0,0,0,0,0,0
play:com.wverlaek.block,0,0,0,0,0,0,10,0,0,0,0,0,0,0
play:com.yygg.note.app,0,0,0,0,0,0,10,0,0,0,0,0,0,0
play:com.zed.appblock.websiteblocker.siteblocker,0,0,0,0,0,0,10,0,0,0,0,0,0,0
play:cz.mobilesoft.appblock,0,0,0,0,0,0,10,0,0,0,0,0,0,0
play:daily.planner.routine.habits,0,0,0,0,0,0,10,0,0,0,0,0,0,0
play:daldev.android.gradehelper,0,0,0,0,0,0,10,0,0,0,0,0,0,0
play:dev.giall.timelog,0,0,0,0,0,0,10,0,0,0,0,0,0,0
play:eu.faircode.netguard,0,0,0,0,0,0,10,0,0,0,0,0,0,0
play:focustree.app,0,0,0,0,0,0,10,0,0,0,0,0,0,0
play:global.gps.location.tracker.kids,0,0,0,0,0,0,10,0,0,0,0,0,0,0
play:habittracker.todolist.tickit.daily.planner,0,0,0,0,0,0,10,0,0,0,0,0,0,0
play:hdesign.theclock,0,0,0,0,0,0,10,0,0,0,0,0,0,0
play:imagetopdf.pdfconverter.jpgtopdf.pdfeditor,0,0,0,0,0,0,10,0,0,0,0,0,0,0
play:in.evolve.android,0,0,0,0,0,0,10,0,0,0,0,0,0,0
play:inflow.adhd.productivity,0,0,0,0,0,0,10,0,0,0,0,0,0,0
play:io.funswitch.blocker,0,0,0,0,0,0,10,0,0,0,0,0,0,0
play:io.konveier.timo,0,0,0,0,0,0,10,0,0,0,0,0,0,0
play:io.unorderly.structured,0,0,0,0,0,0,10,0,0,0,0,0,0,0
play:io.vyzn.clew,0,0,0,0,0,0,10,0,0,0,0,0,0,0
play:io.zario,0,0,0,0,0,0,10,0,0,0,0,0,0,0
play:ipnossoft.rma.free,0,0,0,0,0,0,10,0,0,0,0,0,0,0
play:is.abide,0,0,0,0,0,0,10,0,0,0,0,0,0,0
play:journaling.app,0,0,0,0,0,0,10,0,0,0,0,0,0,0
play:kr.co.rinasoft.yktime,0,0,0,0,0,0,10,0,0,0,0,0,0,0
play:kz.sirius.kidssecurity,0,0,0,0,0,0,10,0,0,0,0,0,0,0
play:meditofoundation.medito,0,0,0,0,0,0,10,0,0,0,0,0,0,0
play:milki.focus.timer,0,0,0,0,0,0,10,0,0,0,0,0,0,0
play:mobicip.com.safeBrowserff,0,0,0,0,0,0,10,0,0,0,0,0,0,0
play:net.sarasarasa.lifeup,0,0,0,0,0,0,10,0,0,0,0,0,0,0
play:net.smartwod.timer,0,0,0,0,0,0,10,0,0,0,0,0,0,0
play:notion.id,0,0,0,0,0,0,10,0,0,0,0,0,0,0
play:org.atmana.appblocker,0,0,0,0,0,0,10,0,0,0,0,0,0,0
play:org.atmana.contentblocker,0,0,0,0,0,0,10,0,0,0,0,0,0,0
play:org.atmana.websiteblocker,0,0,0,0,0,0,10,0,0,0,0,0,0,0
play:org.atmana.zenze,0,0,0,0,0,0,10,0,0,0,0,0,0,0
play:org.findmykids.app,0,0,0,0,0,0,10,0,0,0,0,0,0,0
play:org.leadmenot,0,0,0,0,0,0,10,0,0,0,0,0,0,0
play:org.name.shimmerapp,0,0,0,0,0,0,10,0,0,0,0,0,0,0
play:org.wakingup.android,0,0,0,0,0,0,10,0,0,0,0,0,0,0
play:pdf.reader.pdfviewer.pdfeditor,0,0,0,0,0,0,10,0,0,0,0,0,0,0
play:phosphorus.app.usage.screen.time,0,0,0,0,0,0,10,0,0,0,0,0,0,0
play:pony.tothemoon.focusguard,0,0,0,0,0,0,10,0,0,0,0,0,0,0
play:pps.android.yoodoo,0,0,0,0,0,0,10,0,0,0,0,0,0,0
play:ru.zengalt.simpler,0,0,0,0,0,0,10,0,0,0,0,0,0,0
play:se.lichtenstein.mind.en,0,0,0,0,0,0,10,0,0,0,0,0,0,0
play:seekrtech.sleep,0,0,0,0,0,0,10,0,0,0,0,0,0,0
play:tech.butterfly.app,0,0,0,0,0,0,10,0,0,0,0,0,0,0
play:tech.miidii.offscreen_android,0,0,0,0,0,0,10,0,0,0,0,0,0,0
play:to.freedom.android2,0,0,0,0,0,0,10,0,0,0,0,0,0,0
play:todolist.scheduleplanner.dailyplanner.todo.reminders,0,0,0,0,0,0,10,0,0,0,0,0,0,0
play:ua.com.tim_berners.parental_control,0,0,0,0,0,0,10,0,0,0,0,0,0,0
play:uk.co.serenity.guided.meditation,0,0,0,0,0,0,10,0,0,0,0,0,0,0
play:wtf.riedel.onesec,0,0,0,0,0,0,10,0,0,0,0,0,0,0
play:xyz.thefor.habits.habits,0,0,0,0,0,0,10,0,0,0,0,0,0,0
